{"cameraMode":{"drawMode":0,"name":"Shaded","section":"Shading Mode"},"sceneLighting":true,"audioPlay":false,"sceneViewState":{"showFog":false,"showMaterialUpdate":false,"showSkybox":false,"showFlares":false,"showImageEffects":false,"showParticleSystems":false},"in2DMode":false,"pivot":{"x":2.3726871013641359,"y":-3.578097343444824,"z":-7.393563747406006},"rotation":{"x":0.4703564941883087,"y":0.4553525745868683,"z":-0.31067681312561037,"w":0.6892243027687073},"size":4.868203639984131,"orthographic":false}