{"cameraMode":{"drawMode":0,"name":"Shaded","section":"Shading Mode"},"sceneLighting":true,"audioPlay":false,"sceneViewState":{"showFog":false,"showMaterialUpdate":false,"showSkybox":false,"showFlares":false,"showImageEffects":false,"showParticleSystems":false},"in2DMode":false,"pivot":{"x":-24.544797897338868,"y":-2.7975845336914064,"z":-6.142016410827637},"rotation":{"x":0.05948515236377716,"y":-0.6638204455375671,"z":0.053088344633579257,"w":0.7437083721160889},"size":16.478803634643556,"orthographic":false}