{"cameraMode":{"drawMode":0,"name":"Shaded","section":"Shading Mode"},"sceneLighting":false,"audioPlay":false,"sceneViewState":{"showFog":false,"showMaterialUpdate":false,"showSkybox":false,"showFlares":false,"showImageEffects":false,"showParticleSystems":false},"in2DMode":false,"pivot":{"x":-0.47723841667175295,"y":0.5389118194580078,"z":-1.895676851272583},"rotation":{"x":0.2927141785621643,"y":-0.03872251138091087,"z":0.011883898638188839,"w":0.9553664326667786},"size":1.5977541208267213,"orthographic":false}