{"cameraMode":{"drawMode":0,"name":"Shaded","section":"Shading Mode"},"sceneLighting":true,"audioPlay":false,"sceneViewState":{"showFog":false,"showMaterialUpdate":false,"showSkybox":false,"showFlares":false,"showImageEffects":false,"showParticleSystems":false},"in2DMode":false,"pivot":{"x":7.344139099121094,"y":6.923768043518066,"z":-10.394468307495118},"rotation":{"x":0.29711779952049258,"y":-0.31031396985054018,"z":0.10277123004198075,"w":0.8971578478813171},"size":0.8978120684623718,"orthographic":false}