{"cameraMode":{"drawMode":0,"name":"Shaded","section":"Shading Mode"},"sceneLighting":true,"audioPlay":false,"sceneViewState":{"showFog":true,"showMaterialUpdate":false,"showSkybox":true,"showFlares":true,"showImageEffects":true,"showParticleSystems":true},"in2DMode":false,"pivot":{"x":0.581024169921875,"y":2.2085723876953127,"z":7.246670722961426},"rotation":{"x":0.41065511107444765,"y":-0.283194363117218,"z":0.13586275279521943,"w":0.8559975028038025},"size":16.161895751953126,"orthographic":false}