{"cameraMode":{"drawMode":0,"name":"Shaded","section":"Shading Mode"},"sceneLighting":false,"audioPlay":false,"sceneViewState":{"showFog":false,"showMaterialUpdate":false,"showSkybox":false,"showFlares":false,"showImageEffects":false,"showParticleSystems":false},"in2DMode":false,"pivot":{"x":-0.08153855055570603,"y":0.12811242043972016,"z":-0.4091549515724182},"rotation":{"x":0.31216877698898318,"y":0.6781476140022278,"z":-0.3957946002483368,"w":0.5348477959632874},"size":0.6464101076126099,"orthographic":false}