{"cameraMode":{"drawMode":0,"name":"Shaded","section":"Shading Mode"},"sceneLighting":true,"audioPlay":false,"sceneViewState":{"showFog":false,"showMaterialUpdate":false,"showSkybox":false,"showFlares":false,"showImageEffects":false,"showParticleSystems":false},"in2DMode":false,"pivot":{"x":-0.7849849462509155,"y":2.295746088027954,"z":-9.887443542480469},"rotation":{"x":0.2414029836654663,"y":0.6378841996192932,"z":-0.22084175050258637,"w":0.6972125172615051},"size":1.8620152473449708,"orthographic":false}